<?xml version="1.0" encoding="UTF-8"?>
<!-- 60초마다 설정 파일의 변경을 확인 하여 변경시 갱신 --> 
<configuration scan="true" scanPeriod="60 seconds">

    <property name="log.charset" value="UTF-8" />
    <property name="log.pattern" value="%d{yyyy-MM-dd HH:mm:ss.SSS} [%thread] %-5level %logger{50} - %msg%n" />
    <property name="log.pattern.short" value="%date{yyyyMMdd HH:mm:ss.SSS}-%msg%n" />
    <!-- Color log format -->
    <property name="log.pattern.color" value="${CONSOLE_LOG_PATTERN:-%clr(%d{yyyy-MM-dd HH:mm:ss.SSS}){faint}
    %clr(${LOG_LEVEL_PATTERN:-%5p}) %clr(${PID:- }){magenta} %clr(---){faint} %clr([%15.15t]){faint}
    %clr(%-40.40logger{39}){cyan} %clr(:){faint} %m%n${LOG_EXCEPTION_CONVERSION_WORD:-%wEx}}" />
    
    <!-- Console output -->
    <appender name="STDOUT" class="ch.qos.logback.core.ConsoleAppender">
        <encoder charset="${log.charset}">
            <pattern>${log.pattern}</pattern>
        </encoder>
    </appender>
    <appender name="STDOUT_SHORT" class="ch.qos.logback.core.ConsoleAppender">
        <encoder charset="${log.charset}">
            <pattern>${log.pattern.short}</pattern>
        </encoder>
    </appender>
    
    <!-- Color Logs -->
    <!-- Log-dependent color rendering category -->
    <conversionRule conversionWord="clr" converterClass="org.springframework.boot.logging.logback.ColorConverter" />
    <conversionRule conversionWord="wex" converterClass="org.springframework.boot.logging.logback.WhitespaceThrowableProxyConverter" />
    <conversionRule conversionWord="wEx" converterClass="org.springframework.boot.logging.logback.ExtendedWhitespaceThrowableProxyConverter" />
    <!-- Console Output Settings -->
    <appender name="STDOUT_COLOR" class="ch.qos.logback.core.ConsoleAppender">
        <encoder charset="${log.charset}">
            <pattern>${log.pattern.color}</pattern>
        </encoder>
    </appender>

    <!-- log output level -->
    <root level="INFO">
        <appender-ref ref="STDOUT_COLOR" />
    </root>
</configuration>